timestamp_minute,M1_f_trans,M1_rho_open,M1_eps_max,M1_phi_open,M1_effective_tau,M2_f_trans,M2_rho_open,M2_eps_max,M2_phi_open,M2_effective_tau,M3_f_trans,M3_rho_open,M3_eps_max,M3_phi_open,M3_effective_tau,n_person,mu_motion,sigma2_motion,pm1,pm2_5,pm10,temp,hum,co2,voc
12-02-2026 12:58,0,0,0,1,0,0,0,0,1,0,0,0,0,1,0,0,0,0,15,24,29,28.8,36.4,3149,144
12-02-2026 12:59,0,0,0,1,0,0,0,0,1,0,0,0,0,1,0,0,0,0,15,25,29,28.8,36.4,3118,144
12-02-2026 13:00,0,0,0,1,0,0,0,0,1,0,0,0,0,1,0,0,0,0,15,25,28,28.8,36.5,3135,141
12-02-2026 13:01,0,0,0,1,0,0,0,0,1,0,0,0,0,1,0,0,0,0,16,24,28,28.8,36.6,3113,137
12-02-2026 13:02,0,0,0,1,0,0,0,0,1,0,1,0.3167,19,0.6833,19,0,0,0,15,24,29,28.8,36.5,3105,139
12-02-2026 13:04,0,0,0,1,0,0,0,0,1,0,0,0,0,1,0,0,0,0,15,24,28,28.9,36.5,3050,138
12-02-2026 13:05,0,0,0,1,0,0,0,0,1,0,0,0,0,1,0,1,0,0,15,24,29,28.8,36.4,3146,160
12-02-2026 13:06,1,0.5667,34,0.4333,34,0,0,0,1,0,1,0.6,36,0.4,36,7,0.855863,2.473801,15,24,27,28.9,36.4,3181,136
12-02-2026 13:07,0,0,0,1,0,0,0,0,1,0,0,0,0,1,0,0,0,0,15,24,28,28.9,36.4,3163,137
12-02-2026 13:08,1,0.0333,2,0.9667,2,0,0,0,1,0,1,0.0667,4,0.9333,4,9,0.129854,0.489505,15,24,27,28.9,36.4,3128,141
12-02-2026 13:09,0,0,0,1,0,0,0,0,1,0,0,0,0,1,0,0,0,0,15,24,28,28.9,36.7,3164,137
12-02-2026 13:10,0,0,0,1,0,0,0,0,1,0,0,0,0,1,0,0,0,0,15,24,28,28.9,36.9,3121,134
12-02-2026 13:11,3,0.3667,14,0.4667,22,1,0.5,30,0.5,30,1,0.5667,34,0.4333,34,8,1.535245,8.518793,16,24,29,28.9,36.9,3035,130
12-02-2026 13:13,0,0,0,1,0,0,0,0,1,0,0,0,0,1,0,0,0,0,15,25,29,28.9,36.9,2867,121
12-02-2026 13:14,1,0.0833,5,0.9167,5,0,0,0,1,0,1,0.1167,7,0.8833,7,11,0.161363,0.403794,16,25,28,28.9,37.1,2785,121
12-02-2026 13:15,0,0,0,1,0,0,0,0,1,0,0,0,0,1,0,0,0,0,16,25,31,28.9,37.1,2788,117
12-02-2026 13:16,0,0,0,1,0,0,0,0,1,0,0,0,0,1,0,0,0,0,15,25,32,28.9,36.9,2793,116
12-02-2026 13:17,0,0,0,1,0,1,0.25,15,0.75,15,0,0,0,1,0,10,1.608792,7.887268,16,25,31,28.9,37.1,2794,115
12-02-2026 13:18,0,0,0,1,0,0,0,0,1,0,0,0,0,1,0,0,0,0,17,26,33,29,36.8,2847,116
12-02-2026 13:19,0,0,0,1,0,0,0,0,1,0,0,0,0,1,0,1,0.044238,0.115463,16,26,32,29,36.9,2805,114
12-02-2026 13:21,0,0,0,1,0,0,0,0,1,0,0,0,0,1,0,1,0.405616,2.361528,16,25,31,29,37.1,2791,113
12-02-2026 13:22,0,0,0,1,0,0,0,0,1,0,0,0,0,1,0,0,0,0,15,25,30,29,37,2815,112
12-02-2026 13:24,0,0,0,1,0,0,0,0,1,0,0,0,0,1,0,2,0.14899,0.64448,16,25,29,29,36.9,2774,115
12-02-2026 13:25,0,0,0,1,0,0,0,0,1,0,0,0,0,1,0,0,0,0,15,25,30,29,36.9,2759,117
12-02-2026 13:26,0,0,0,1,0,0,0,0,1,0,0,0,0,1,0,0,0,0,17,26,30,29,36.8,2736,114
12-02-2026 13:27,0,0,0,1,0,0,0,0,1,0,0,0,0,1,0,0,0,0,16,26,32,29,36.9,2790,114
12-02-2026 13:28,0,0,0,1,0,0,0,0,1,0,0,0,0,1,0,0,0,0,17,27,31,29,37,2707,110
12-02-2026 13:29,0,0,0,1,0,0,0,0,1,0,0,0,0,1,0,0,0,0,17,26,31,29,37.1,2777,113
12-02-2026 13:30,0,0,0,1,0,0,0,0,1,0,0,0,0,1,0,0,0,0,16,26,31,29,37.1,2766,108
12-02-2026 13:31,0,0,0,1,0,0,0,0,1,0,0,0,0,1,0,0,0,0,16,26,30,29,37.1,2705,108
12-02-2026 13:32,0,0,0,1,0,0,0,0,1,0,0,0,0,1,0,0,0,0,16,25,32,29,37.1,2767,107
12-02-2026 13:33,0,0,0,1,0,0,0,0,1,0,0,0,0,1,0,0,0,0,17,25,33,29.1,37.1,2759,114
12-02-2026 13:34,0,0,0,1,0,0,0,0,1,0,0,0,0,1,0,0,0,0,16,25,30,29,37.3,2702,106
12-02-2026 13:35,0,0,0,1,0,0,0,0,1,0,0,0,0,1,0,0,0,0,15,24,29,29,37.2,2611,106
12-02-2026 13:36,0,0,0,1,0,0,0,0,1,0,0,0,0,1,0,0,0,0,16,25,30,29,37.3,2684,105
12-02-2026 13:37,0,0,0,1,0,0,0,0,1,0,0,0,0,1,0,0,0,0,15,25,29,29,37.1,2639,106
12-02-2026 13:38,0,0,0,1,0,0,0,0,1,0,0,0,0,1,0,0,0,0,16,25,31,29,37,2605,106
12-02-2026 13:39,0,0,0,1,0,0,0,0,1,0,0,0,0,1,0,0,0,0,15,25,30,29,36.9,2602,106
12-02-2026 13:40,0,0,0,1,0,0,0,0,1,0,0,0,0,1,0,0,0,0,15,25,28,29,36.9,2607,104
12-02-2026 13:41,0,0,0,1,0,0,0,0,1,0,0,0,0,1,0,0,0,0,16,25,27,29,37,2541,102
12-02-2026 13:42,0,0,0,1,0,0,0,0,1,0,0,0,0,1,0,0,0,0,16,25,29,29,37,2507,100
12-02-2026 13:43,0,0,0,1,0,0,0,0,1,0,0,0,0,1,0,0,0,0,15,24,29,28.9,37.2,2581,101
12-02-2026 13:44,0,0,0,1,0,0,0,0,1,0,0,0,0,1,0,0,0,0,15,25,30,28.9,37.3,2569,100
12-02-2026 13:45,0,0,0,1,0,0,0,0,1,0,0,0,0,1,0,0,0,0,16,25,30,28.9,37.4,2532,97
12-02-2026 13:46,0,0,0,1,0,0,0,0,1,0,0,0,0,1,0,0,0,0,17,25,31,28.9,37.5,2442,96
12-02-2026 13:47,0,0,0,1,0,0,0,0,1,0,0,0,0,1,0,0,0,0,16,25,31,29,37.5,2421,95
12-02-2026 13:48,0,0,0,1,0,0,0,0,1,0,0,0,0,1,0,0,0,0,17,25,31,28.9,37.5,2463,96
12-02-2026 13:49,0,0,0,1,0,0,0,0,1,0,0,0,0,1,0,0,0,0,16,25,29,28.9,37.5,2443,93
12-02-2026 13:50,0,0,0,1,0,0,0,0,1,0,0,0,0,1,0,0,0,0,17,25,30,28.9,37.8,2403,96
12-02-2026 13:51,0,0,0,1,0,0,0,0,1,0,0,0,0,1,0,0,0,0,16,25,32,28.9,37.9,2392,93
12-02-2026 13:52,0,0,0,1,0,0,0,0,1,0,0,0,0,1,0,2,0.39352,1.200349,17,26,31,28.9,38.1,2238,82
12-02-2026 13:53,0,0,0,1,0,0,0,0,1,0,0,0,0,1,0,1,0.228592,0.411353,17,26,34,28.9,38.1,2253,83
12-02-2026 13:54,0,0,0,1,0,0,0,0,1,0,0,0,0,1,0,1,0.454373,2.631154,17,27,32,28.9,38.4,2355,86
12-02-2026 13:55,0,0,0,1,0,0,0,0,1,0,0,0,0,1,0,0,0,0,17,26,32,28.9,38.6,2314,86
12-02-2026 13:56,0,0,0,1,0,0,0,0,1,0,0,0,0,1,0,0,0,0,16,26,31,28.9,38.7,2291,86
12-02-2026 13:57,0,0,0,1,0,0,0,0,1,0,0,0,0,1,0,0,0,0,17,27,34,28.9,38.7,2161,77
12-02-2026 13:58,0,0,0,1,0,0,0,0,1,0,0,0,0,1,0,0,0,0,17,27,32,28.9,39,2078,74
12-02-2026 13:59,0,0,0,1,0,0,0,0,1,0,1,0.2,12,0.8,12,5,2.244806,9.938913,17,27,35,28.9,39.3,1963,64
12-02-2026 14:00,0,0,0,1,0,0,0,0,1,0,0,1,60,0,48,4,2.585114,14.797818,17,29,35,28.9,39.3,1903,63
12-02-2026 14:01,0,0,0,1,0,0,0,0,1,0,0,1,60,0,48,5,3.913989,24.473633,18,28,36,28.9,39.9,1892,58
12-02-2026 14:02,0,0,0,1,0,1,0.55,33,0.45,33,0,1,60,0,48,5,1.840211,9.427701,18,28,35,28.9,39.9,1786,56
12-02-2026 14:03,0,0,0,1,0,0,1,60,0,48,0,1,60,0,12,3,0.332908,0.661867,18,29,37,28.9,40.4,1773,53
12-02-2026 14:04,0,0,0,1,0,0,1,60,0,48,0,1,60,0,12,0,0,0,18,30,37,29,40.5,1668,50
12-02-2026 14:05,0,0,0,1,0,0,1,60,0,48,0,1,60,0,12,5,0.284198,2.502221,18,29,37,29,40.8,1692,48
12-02-2026 14:06,0,0,0,1,0,0,1,60,0,12,4,0.6333,26,0,38,5,1.261924,3.023662,19,30,38,29,40.8,1565,47
12-02-2026 14:07,0,0,0,1,0,0,1,60,0,12,2,0.9333,53,0,56,4,0.831443,3.692873,19,30,38,29,41,1606,47
12-02-2026 14:08,0,0,0,1,0,0,1,60,0,12,0,1,60,0,48,0,0,0,20,32,40,29,41.2,1624,47
12-02-2026 14:09,0,0,0,1,0,0,1,60,0,12,0,1,60,0,48,0,0,0,20,32,40,29,41.5,1629,45
12-02-2026 14:10,0,0,0,1,0,0,1,60,0,12,0,1,60,0,48,0,0,0,20,32,41,29,41.7,1688,46
12-02-2026 14:11,0,0,0,1,0,1,0.8833,53,0,53,0,1,60,0,12,2,0.543813,3.325852,20,32,41,29.1,42.1,1717,51
12-02-2026 14:12,0,0,0,1,0,0,0,0,1,0,0,1,60,0,12,1,0.872735,4.705685,20,31,39,29.1,41.5,1775,54
12-02-2026 14:13,0,0,0,1,0,0,0,0,1,0,0,1,60,0,12,0,0,0,20,30,38,29.1,41.6,1752,55
12-02-2026 14:14,0,0,0,1,0,0,0,0,1,0,0,1,60,0,12,0,0,0,18,29,36,28.9,41.3,1730,55
12-02-2026 14:15,0,0,0,1,0,0,0,0,1,0,0,1,60,0,12,0,0,0,20,32,40,28.3,45.2,1735,50
12-02-2026 14:16,0,0,0,1,0,0,0,0,1,0,0,1,60,0,12,0,0,0,22,35,45,27.9,47.4,1719,46
12-02-2026 14:17,0,0,0,1,0,0,0,0,1,0,0,1,60,0,12,2,0.148217,0.699662,23,36,47,27.6,48.8,1734,41
12-02-2026 14:18,0,0,0,1,0,0,0,0,1,0,1,0.8,48,0,48,0,0,0,23,36,47,27.4,49.3,1756,38
12-02-2026 14:19,0,0,0,1,0,0,0,0,1,0,0,1,60,0,48,0,0,0,22,36,47,27.3,49.7,1699,37
12-02-2026 14:20,0,0,0,1,0,0,0,0,1,0,0,1,60,0,48,0,0,0,23,36,46,27.3,49.7,1670,36
12-02-2026 14:21,0,0,0,1,0,0,0,0,1,0,0,1,60,0,48,0,0,0,23,36,46,27.3,49.7,1679,36
12-02-2026 14:22,0,0,0,1,0,0,0,0,1,0,0,1,60,0,12,0,0,0,24,37,48,27.1,49.9,1672,35
12-02-2026 14:23,0,0,0,1,0,0,0,0,1,0,0,1,60,0,12,0,0,0,24,38,48,26.9,49.4,1558,35
12-02-2026 14:24,0,0,0,1,0,0,0,0,1,0,0,1,60,0,12,0,0,0,24,37,47,26.7,47.5,1574,33
12-02-2026 14:25,0,0,0,1,0,0,0,0,1,0,0,1,60,0,12,0,0,0,24,37,48,26.6,49.4,1618,33
12-02-2026 14:26,0,0,0,1,0,0,0,0,1,0,0,1,60,0,12,0,0,0,23,37,47,26.6,50,1814,40
12-02-2026 14:27,0,0,0,1,0,0,0,0,1,0,0,1,60,0,12,0,0,0,22,35,45,26.6,50.6,1992,54
12-02-2026 14:28,0,0,0,1,0,0,0,0,1,0,0,1,60,0,12,2,1.340946,7.890608,21,34,43,26.6,50.8,2148,60
12-02-2026 14:29,0,0,0,1,0,0,0,0,1,0,0,1,60,0,12,0,0,0,21,34,43,26.6,50.6,2186,67
12-02-2026 14:30,1,0.2667,16,0.7333,16,0,0,0,1,0,0,1,60,0,12,3,2.031949,16.884041,21,35,43,26.6,50.3,2289,78
12-02-2026 14:31,0,1,60,0,48,0,0,0,1,0,2,0.9,33,0,54,5,2.582943,12.79991,21,34,44,26.5,49.9,2390,79
12-02-2026 14:32,1,0.2167,13,0,13,0,0,0,1,0,0,1,60,0,48,4,2.285059,17.779377,20,33,42,26.5,49.5,2454,85
12-02-2026 14:33,0,0,0,1,0,0,0,0,1,0,0,1,60,0,48,9,1.052814,7.732453,21,33,43,26.5,49.1,2506,88
12-02-2026 14:34,1,0.1667,10,0.8333,10,0,0,0,1,0,0,1,60,0,48,15,2.673243,8.692176,21,33,43,26.6,48.8,2478,88
12-02-2026 14:35,0,1,60,0,48,0,0,0,1,0,0,1,60,0,12,15,1.375485,2.627214,21,33,43,26.5,48.6,2605,89
12-02-2026 14:36,0,1,60,0,48,0,0,0,1,0,0,1,60,0,12,15,1.305132,3.383149,21,33,43,26.6,48.5,2562,87
12-02-2026 14:37,0,1,60,0,48,0,0,0,1,0,3,0.7167,23,0,43,17,1.230103,1.797109,21,34,43,26.6,48.3,2476,90
12-02-2026 14:38,0,1,60,0,12,0,0,0,1,0,1,0.9833,59,0.0167,47.2,16,1.150786,2.219671,21,33,42,26.6,48.3,2493,87
12-02-2026 14:39,0,1,60,0,12,0,0,0,1,0,0,1,60,0,48,15,1.028855,1.360304,21,33,42,26.6,48.5,2428,89
12-02-2026 14:40,0,1,60,0,12,0,0,0,1,0,0,1,60,0,48,16,0.993375,1.314246,21,34,44,26.6,48.1,2392,86
12-02-2026 14:41,0,1,60,0,12,0,0,0,1,0,0,1,60,0,12,14,1.326148,2.463391,21,34,41,26.4,46.5,2454,87
12-02-2026 14:42,0,1,60,0,12,0,0,0,1,0,0,1,60,0,12,14,1.28847,2.386465,21,34,43,26.2,47.5,2386,82
12-02-2026 14:43,0,1,60,0,12,0,0,0,1,0,1,0.1333,8,0,8,15,1.83433,4.793131,21,34,44,26.3,49.7,2332,75
12-02-2026 14:44,0,1,60,0,12,0,0,0,1,0,1,0.4,24,0.6,24,15,2.039786,5.4365,21,34,43,26.4,50.7,2271,71
12-02-2026 14:45,0,1,60,0,12,0,0,0,1,0,0,1,60,0,48,15,2.036918,5.639343,22,35,43,26.5,51.2,2158,69
12-02-2026 14:46,1,0.6,36,0,36,0,0,0,1,0,3,0.5,15,0,30,8,0.6791,1.69734,22,35,45,26.5,51.2,2087,68
12-02-2026 14:48,1,0.5167,31,0,31,0,0,0,1,0,0,1,60,0,48,8,1.349823,2.321935,22,36,47,26.2,48.5,2068,59
12-02-2026 14:49,1,0.2,12,0.8,12,0,0,0,1,0,0,1,60,0,48,7,1.51338,4.387234,,,,,,,
12-02-2026 14:50,1,0.7833,47,0,47,0,0,0,1,0,0,1,60,0,48,7,2.058753,11.684453,23,35,45,26,51.8,2110,66
12-02-2026 14:51,0,0,0,1,0,0,0,0,1,0,3,0.8333,42,0,50,12,3.686749,25.947747,22,35,44,26.2,52.3,2046,67
12-02-2026 14:52,1,0.6167,37,0.3833,37,0,0,0,1,0,1,0.9,54,0.1,54,13,1.73117,4.047235,21,34,43,26.3,52,1998,67
12-02-2026 14:53,0,1,60,0,48,0,0,0,1,0,0,1,60,0,48,12,1.409437,2.72829,21,34,43,26.4,50.9,1961,66
12-02-2026 14:54,0,1,60,0,48,0,0,0,1,0,0,1,60,0,48,13,1.708495,4.250343,22,35,44,26.3,49.6,1946,68
12-02-2026 14:55,0,1,60,0,48,0,0,0,1,0,0,1,60,0,48,12,1.155471,1.755006,21,34,44,26.3,49.7,1899,63
12-02-2026 14:56,0,1,60,0,12,0,0,0,1,0,0,1,60,0,12,13,1.186783,1.65858,21,35,45,26.3,51.1,1876,61
12-02-2026 14:57,0,1,60,0,12,0,0,0,1,0,0,1,60,0,12,14,1.63056,3.477256,22,35,43,26.3,51.6,1905,62
12-02-2026 14:58,0,1,60,0,12,0,0,0,1,0,0,1,60,0,12,13,1.494489,2.941976,22,35,44,26.4,51.6,1946,61
12-02-2026 14:59,0,1,60,0,12,0,0,0,1,0,0,1,60,0,12,15,1.68896,3.972364,22,35,44,26.4,51.2,1840,59
12-02-2026 15:00,0,1,60,0,12,0,0,0,1,0,0,1,60,0,12,12,1.877912,4.314116,22,35,45,26.4,48.9,1827,60
12-02-2026 15:01,0,1,60,0,12,0,0,0,1,0,0,1,60,0,12,11,2.093826,6.094476,21,34,43,26.2,49.3,1873,60
12-02-2026 15:02,1,0.1667,10,0,10,0,0,0,1,0,1,0.5,30,0,30,14,2.09689,5.775305,21,35,45,26.2,50.4,1911,60
12-02-2026 15:03,1,0.7667,46,0.2333,46,0,0,0,1,0,0,0,0,1,0,14,2.114937,6.176998,22,35,46,26.3,51.5,1839,58
12-02-2026 15:04,0,1,60,0,48,0,0,0,1,0,0,0,0,1,0,14,2.332178,7.017841,21,34,44,26.4,51.7,1928,58
12-02-2026 15:05,0,1,60,0,48,0,0,0,1,0,1,0.8,48,0.2,48,16,2.947523,10.2225,21,34,43,26.5,51.4,1950,58
12-02-2026 15:06,0,1,60,0,48,0,0,0,1,0,2,0.75,43,0,45,8,2.442775,11.767962,22,34,42,26.4,49.3,1972,61
12-02-2026 15:07,0,1,60,0,12,0,0,0,1,0,0,1,60,0,48,12,2.784523,11.141709,21,34,44,26.3,49.2,2011,61
12-02-2026 15:08,0,1,60,0,12,0,0,0,1,0,0,1,60,0,48,14,1.953186,5.445678,21,33,43,26.3,49.2,2039,60
12-02-2026 15:09,0,1,60,0,12,0,0,0,1,0,0,1,60,0,48,13,1.615009,3.337021,21,34,43,26.3,50.2,2004,59
12-02-2026 15:10,0,1,60,0,12,0,0,0,1,0,2,0.8667,27,0,52,14,1.42026,2.868886,22,34,44,26.4,50.6,2020,72
12-02-2026 15:11,2,0.15,6,0,9,0,0,0,1,0,0,1,60,0,48,14,1.456795,2.498026,22,35,46,26.4,50.4,1943,78
12-02-2026 15:12,1,0.3833,23,0,23,0,0,0,1,0,0,1,60,0,48,14,1.248446,1.768563,21,34,44,26.5,49.5,1945,70
12-02-2026 15:13,1,0.55,33,0.45,33,0,0,0,1,0,0,1,60,0,48,14,1.361092,2.369505,22,34,44,26.4,47.3,1974,67
12-02-2026 15:14,0,1,60,0,48,0,0,0,1,0,0,1,60,0,12,14,1.503227,2.684747,21,34,44,26.2,47.2,1912,66
12-02-2026 15:15,1,0.1333,8,0,8,0,0,0,1,0,1,0.1,6,0,6,15,0.115617,0.411124,21,35,45,26.1,49.2,1935,60
12-02-2026 15:16,0,1,60,0,48,0,0,0,1,0,0,1,60,0,48,15,1.534116,2.913114,21,35,44,26.2,50.6,1939,57
12-02-2026 15:17,0,1,60,0,48,0,0,0,1,0,1,0.1667,10,0,10,10,2.705201,9.604672,22,35,44,26.2,50.8,1924,55
12-02-2026 15:18,0,1,60,0,48,0,0,0,1,0,1,0.85,51,0.15,51,9,3.50956,18.623832,21,34,44,26.4,50.7,1809,53
12-02-2026 15:19,0,1,60,0,12,0,0,0,1,0,0,1,60,0,48,13,2.071116,7.428186,22,35,44,26.3,48.8,1751,54
12-02-2026 15:20,0,1,60,0,12,0,0,0,1,0,0,1,60,0,48,13,2.392783,7.618427,22,35,45,26.1,47.7,1774,49
12-02-2026 15:21,0,1,60,0,12,0,0,0,1,0,0,1,60,0,48,12,1.442147,2.754291,23,37,47,26,48.5,1817,45
12-02-2026 15:22,0,1,60,0,12,1,0.35,21,0.65,21,0,1,60,0,12,13,1.707765,4.197345,22,36,46,26.1,50,1779,45
12-02-2026 15:23,0,1,60,0,12,0,1,60,0,48,0,1,60,0,12,12,1.799139,4.302975,22,36,47,26.2,50.4,1691,50
12-02-2026 15:24,0,1,60,0,12,0,1,60,0,48,1,0.8667,52,0,52,14,1.629549,3.221885,23,37,48,26.3,50.2,1687,49
12-02-2026 15:25,0,1,60,0,12,0,0,0,1,0,0,0,0,1,0,14,1.736026,3.732651,23,36,47,26.2,48.3,1665,49
12-02-2026 15:26,0,1,60,0,12,0,0,0,1,0,1,0.2667,16,0.7333,16,13,1.459788,2.912144,22,35,45,26.1,46.9,1625,52
12-02-2026 15:27,0,1,60,0,12,0,0,0,1,0,0,1,60,0,48,14,1.426683,2.277973,21,35,45,25.9,47,1673,50
12-02-2026 15:28,1,0.0167,1,0,1,0,0,0,1,0,0,1,60,0,48,15,1.686101,3.715196,22,35,46,26.1,48.8,1746,48
12-02-2026 15:29,1,0.3667,22,0.6333,22,0,0,0,1,0,0,1,60,0,48,15,2.097452,5.323827,23,36,47,26.3,49.9,1796,47
12-02-2026 15:30,0,1,60,0,48,0,0,0,1,0,0,1,60,0,12,14,3.145556,12.232786,23,37,47,26.3,50.3,1740,47
12-02-2026 15:31,0,1,60,0,48,2,0.2,12,0.2167,12,0,1,60,0,12,5,2.180465,7.076733,23,37,47,26.3,48.9,1790,49
12-02-2026 15:32,0,1,60,0,48,0,0,0,1,0,0,1,60,0,12,11,3.218127,12.597288,23,37,47,26.1,46.9,1744,47
12-02-2026 15:33,0,1,60,0,12,0,0,0,1,0,0,1,60,0,12,12,2.097043,5.078385,23,37,48,26,47.2,1702,46
12-02-2026 15:34,0,1,60,0,12,0,0,0,1,0,0,1,60,0,12,12,1.482525,2.746258,23,37,48,25.9,46.8,1697,45
12-02-2026 15:35,0,1,60,0,12,2,0.2,12,0.5667,12,0,1,60,0,12,14,1.532337,3.538522,23,37,47,25.9,49.6,1652,44
12-02-2026 15:36,0,1,60,0,12,0,0,0,1,0,0,1,60,0,12,12,1.131466,1.544482,23,37,47,26,51,1680,44
12-02-2026 15:37,0,1,60,0,12,0,0,0,1,0,1,0.3,18,0,18,12,1.56428,3.107989,23,37,48,26.1,50.5,1654,44
12-02-2026 15:38,0,1,60,0,12,0,0,0,1,0,1,0.8333,50,0.1667,50,13,1.539824,4.076753,23,38,48,26,47.7,1590,65
12-02-2026 15:39,1,0.8667,52,0,52,0,0,0,1,0,0,1,60,0,48,12,1.526881,3.025337,23,37,46,25.8,47.4,1532,117
12-02-2026 15:40,0,0,0,1,0,1,0.7,42,0.3,42,0,1,60,0,48,12,2.265054,5.84307,23,37,48,25.8,48.1,1530,99
12-02-2026 15:41,0,0,0,1,0,0,1,60,0,48,0,1,60,0,48,14,1.708737,3.771958,23,37,47,26,49.5,1601,74
12-02-2026 15:42,2,0.4667,28,0.1667,28,1,0.1667,10,0,10,1,0.6,36,0,36,15,1.417902,5.743014,23,37,47,26.1,49.9,1670,61
12-02-2026 15:43,0,1,60,0,48,1,0.5167,31,0,31,2,0.9333,35,0,56,5,1.74474,7.099104,23,37,48,26.2,49.1,1684,71
12-02-2026 15:44,0,1,60,0,48,2,0.1667,10,0.3833,10,2,0.9333,37,0,56,17,2.778041,10.09671,23,37,49,26.1,47.7,1652,72
12-02-2026 15:45,0,1,60,0,48,0,0,0,1,0,0,1,60,0,48,14,1.601794,3.1596,23,37,48,26.2,46.9,1647,64
12-02-2026 15:46,0,1,60,0,12,0,0,0,1,0,4,0.8667,47,0,52,13,1.382184,2.24559,23,38,48,26.1,46,1655,57
12-02-2026 15:47,0,1,60,0,12,0,0,0,1,0,0,1,60,0,48,12,1.817552,4.164238,24,37,48,26,47.5,1727,52
12-02-2026 15:48,0,1,60,0,12,0,0,0,1,0,0,1,60,0,48,14,1.609846,3.042796,23,37,47,26,50.2,1636,51
12-02-2026 15:49,0,1,60,0,12,0,0,0,1,0,2,0.9,49,0,54,14,1.936402,4.241844,23,37,49,26,50.7,1636,54
12-02-2026 15:50,0,1,60,0,12,0,0,0,1,0,4,0.6667,24,0,40,15,1.748816,3.60865,23,38,48,26.1,48.9,1619,68
12-02-2026 15:51,0,1,60,0,12,0,0,0,1,0,2,0.7333,29,0,44,13,1.463891,2.692267,23,37,49,26,47.8,1651,73
12-02-2026 15:52,0,1,60,0,12,0,0,0,1,0,0,1,60,0,48,14,1.647111,3.472223,23,37,48,25.9,46.8,1688,68
12-02-2026 15:53,0,1,60,0,12,0,0,0,1,0,2,0.9167,51,0,55,12,1.713241,3.497252,23,37,48,25.7,48.3,1727,61
12-02-2026 15:54,0,1,60,0,12,0,0,0,1,0,3,0.6667,34,0,40,14,1.902587,4.598908,23,37,48,25.8,50.3,1700,57
12-02-2026 15:55,1,0.15,9,0,9,0,0,0,1,0,0,0,0,1,0,14,2.160231,5.974292,23,37,48,25.9,50.5,1728,55
12-02-2026 15:56,1,0.9,54,0.1,54,0,0,0,1,0,2,0.1,6,0.2833,6,12,3.360995,13.980802,23,37,47,26,48.7,1694,53
12-02-2026 15:57,0,1,60,0,48,2,0.2667,16,0.4167,16,0,0,0,1,0,5,1.960049,7.466629,23,37,48,25.9,47.8,1667,54
12-02-2026 15:58,0,1,60,0,48,2,0.5,30,0.3,30,0,0,0,1,0,15,2.716509,10.427282,23,37,48,25.9,47.5,1702,55
12-02-2026 15:59,0,1,60,0,48,2,0.1333,8,0.2333,8,0,0,0,1,0,15,3.212373,11.973274,23,36,48,25.8,46.7,1668,59
12-02-2026 16:00,0,1,60,0,12,0,0,0,1,0,0,0,0,1,0,17,2.521584,7.328107,23,37,48,25.8,50.4,1673,62
12-02-2026 16:01,0,1,60,0,12,0,0,0,1,0,1,0.3,18,0.7,18,16,1.845661,4.390028,23,37,47,25.9,50.6,1726,63
12-02-2026 16:02,0,1,60,0,12,0,0,0,1,0,0,1,60,0,48,16,1.65134,3.695334,23,37,48,26,51.1,1704,64
12-02-2026 16:03,0,1,60,0,12,2,0.1167,7,0.8667,7,0,1,60,0,48,14,1.858291,4.101751,23,37,47,26.1,49.9,1644,72
12-02-2026 16:04,0,1,60,0,12,0,0,0,1,0,1,0.7333,44,0,44,14,1.069923,1.47589,23,37,48,26.1,48.5,1609,82
12-02-2026 16:05,0,1,60,0,12,0,0,0,1,0,1,0.8667,52,0.1333,52,17,1.570805,2.688825,23,37,48,26,47,1610,87
12-02-2026 16:06,0,1,60,0,12,0,0,0,1,0,0,1,60,0,48,17,1.243864,2.070023,23,38,49,25.9,49.2,1668,95
12-02-2026 16:07,0,1,60,0,12,2,0.2667,16,0.1333,16,0,1,60,0,48,16,1.505917,3.141922,24,38,50,26.1,50.9,1592,152
12-02-2026 16:08,0,1,60,0,12,0,0,0,1,0,0,1,60,0,48,15,1.607104,3.264996,23,38,49,26.2,50.8,1626,151
12-02-2026 16:09,0,1,60,0,12,0,0,0,1,0,0,1,60,0,12,12,1.477226,3.17644,23,37,48,26.2,49.8,1653,115
12-02-2026 16:10,1,0.0833,5,0,5,0,0,0,1,0,1,0.05,3,0,3,10,0.038968,0.08959,23,37,48,26.1,47.6,1627,109
12-02-2026 16:11,1,0.6333,38,0,38,0,0,0,1,0,0,0,0,1,0,13,2.081505,5.632146,23,36,47,26,46.8,1654,118
12-02-2026 16:12,1,0.45,27,0.55,27,0,0,0,1,0,2,0.1667,10,0.05,10,14,2.281096,7.011414,23,37,48,25.9,49.1,1632,239
12-02-2026 16:13,1,0.8333,50,0,50,0,0,0,1,0,0,0,0,1,0,12,2.641399,9.912744,23,37,47,26,50.8,1608,200
12-02-2026 16:14,0,0,0,1,0,2,0.1,6,0.7833,6,0,0,0,1,0,8,2.265604,8.539707,23,36,46,26.1,51.2,1647,153
12-02-2026 16:15,0,0,0,1,0,2,0.1667,10,0.75,10,0,0,0,1,0,16,3.513267,16.462669,23,36,47,26,48.8,1725,123
12-02-2026 16:16,1,0.8333,50,0.1667,50,0,0,0,1,0,1,0.7,42,0.3,42,17,2.404658,8.401798,22,36,46,25.9,48,1685,103
12-02-2026 16:17,0,1,60,0,48,0,0,0,1,0,0,1,60,0,48,14,1.931227,4.994891,,,,,,,
12-02-2026 16:18,0,1,60,0,48,0,0,0,1,0,0,1,60,0,48,17,1.786363,3.996295,22,36,47,25.8,49.9,1685,81
12-02-2026 16:19,0,1,60,0,48,0,0,0,1,0,1,0.5333,32,0,32,18,2.373222,6.827361,23,36,47,25.9,50.4,1655,78
12-02-2026 16:20,0,1,60,0,12,0,0,0,1,0,0,0,0,1,0,14,1.902838,4.420618,23,36,48,26.1,50.4,1677,84
12-02-2026 16:21,0,1,60,0,12,0,0,0,1,0,0,0,0,1,0,17,2.266944,6.852558,23,37,48,26.1,49.8,1732,264
12-02-2026 16:22,0,1,60,0,12,0,0,0,1,0,1,0.2333,14,0.7667,14,18,1.849896,4.214135,23,36,47,26,49,1713,489
12-02-2026 16:23,0,0,0,1,0,1,0.3167,19,0.6833,19,0,1,60,0,48,19,1.820783,4.058171,23,36,48,26,48,1677,499
12-02-2026 16:24,1,0.6,36,0.4,36,2,0.5167,17,0,31,0,1,60,0,48,18,2.236324,6.215691,23,36,47,25.8,47.2,1661,499
12-02-2026 16:25,1,0.1667,10,0,10,2,0.4167,20,0,25,0,1,60,0,48,14,2.460897,8.559263,23,37,47,25.7,51.3,1700,499
12-02-2026 16:26,0,0,0,1,0,2,0.5667,31,0,34,0,1,60,0,12,13,2.313915,7.596326,23,37,47,25.8,51.9,1701,499
12-02-2026 16:27,0,0,0,1,0,0,1,60,0,48,0,1,60,0,12,13,1.970759,5.357096,22,36,46,25.9,52.3,1708,499
12-02-2026 16:28,1,0.2167,13,0.7833,13,2,0.4167,25,0.3667,25,0,1,60,0,12,13,2.049575,5.179399,23,36,46,26,50.2,1736,498
12-02-2026 16:29,0,1,60,0,48,2,0.1333,8,0.2167,8,0,1,60,0,12,13,1.489259,3.300303,22,36,47,26,50.8,1734,497
12-02-2026 16:30,0,1,60,0,48,1,0.4,24,0.6,24,0,1,60,0,12,13,1.398813,2.673147,23,37,47,26.1,50.4,1662,496
12-02-2026 16:31,0,1,60,0,48,0,1,60,0,48,1,0.1333,8,0,8,13,1.943815,5.524106,23,37,46,25.8,48,1671,495
12-02-2026 16:32,1,0.1167,7,0,7,0,1,60,0,48,0,0,0,1,0,11,1.721127,4.133671,23,37,47,25.7,52.2,1780,493
12-02-2026 16:33,2,0.4667,28,0.0667,28,3,0.3333,16,0,20,0,0,0,1,0,15,2.154874,5.279455,23,37,47,25.7,53.7,1766,493
12-02-2026 16:34,0,0,0,1,0,1,0.55,33,0.45,33,1,0.2667,16,0.7333,16,17,2.464236,7.159968,23,37,48,25.9,53.2,1731,493
12-02-2026 16:36,1,0.5167,31,0,31,2,0.3667,22,0.45,22,0,1,60,0,48,15,1.78635,3.837735,23,38,47,25.8,51.3,1648,492
12-02-2026 16:37,0,0,0,1,0,1,0.7167,43,0.2833,43,1,0.8667,52,0,52,9,2.543701,10.114773,23,37,47,25.8,51.1,1651,492
12-02-2026 16:38,0,0,0,1,0,1,0.4833,29,0,29,0,0,0,1,0,8,1.241847,6.53805,23,37,48,25.7,48.6,1611,490
12-02-2026 16:39,0,0,0,1,0,2,0.2667,10,0,16,0,0,0,1,0,11,2.128188,7.089639,23,37,47,25.7,51.5,1605,481
12-02-2026 16:40,0,0,0,1,0,0,1,60,0,48,1,0.8333,50,0.1667,50,9,2.708371,9.707008,23,37,47,25.9,52.8,1666,482
12-02-2026 16:41,4,0.5,24,0.2333,30,2,0.7333,30,0,44,3,0.95,49,0,57,10,2.745336,11.311632,23,37,48,26.1,52.7,1633,477
12-02-2026 16:42,0,0,0,1,0,0,1,60,0,48,3,0.3167,10,0.4167,19,9,3.701058,17.877031,23,37,47,26.1,50.4,1626,471
12-02-2026 16:43,0,0,0,1,0,1,0.2167,13,0,13,1,0.8833,53,0,53,8,2.4506,9.539866,23,37,48,26,50.8,1676,472
12-02-2026 16:44,0,0,0,1,0,2,0.1667,10,0.6,10,3,0.3833,21,0.5167,23,8,2.515588,9.281275,23,37,48,26,50.1,1558,466
12-02-2026 16:45,0,0,0,1,0,2,0.1,6,0.8,6,1,0.3,18,0,18,7,2.570914,14.890719,23,37,48,25.7,48.4,1568,454
12-02-2026 16:46,0,0,0,1,0,0,0,0,1,0,0,0,0,1,0,6,2.074892,12.216984,23,37,48,25.8,51.5,1582,438
12-02-2026 16:47,0,0,0,1,0,0,0,0,1,0,0,0,0,1,0,2,1.688827,10.697679,23,37,47,25.9,52.5,1580,416
12-02-2026 16:48,0,0,0,1,0,0,0,0,1,0,0,0,0,1,0,4,2.179648,19.00951,23,37,48,26,52.5,1571,395
12-02-2026 16:49,0,0,0,1,0,0,0,0,1,0,0,0,0,1,0,3,1.190111,5.695748,23,36,46,26,50.9,1562,385
12-02-2026 16:50,0,0,0,1,0,0,0,0,1,0,0,0,0,1,0,0,0,0,23,37,47,25.9,50.4,1484,364
12-02-2026 16:51,0,0,0,1,0,0,0,0,1,0,0,0,0,1,0,0,0,0,23,37,47,25.9,50,1460,342
12-02-2026 16:52,0,0,0,1,0,0,0,0,1,0,0,0,0,1,0,3,1.38575,10.720305,23,37,47,25.7,48,1528,325
12-02-2026 16:53,0,0,0,1,0,0,0,0,1,0,0,0,0,1,0,3,2.195468,8.590323,23,37,47,25.7,51.7,1587,309
12-02-2026 16:54,0,0,0,1,0,0,0,0,1,0,0,0,0,1,0,5,1.475668,3.069455,23,36,46,25.7,52.6,1566,300
12-02-2026 16:55,0,0,0,1,0,0,0,0,1,0,0,0,0,1,0,5,1.767539,5.103935,23,37,48,25.8,52.8,1579,290
12-02-2026 16:56,0,0,0,1,0,0,0,0,1,0,0,0,0,1,0,5,1.616886,3.494158,23,36,47,26,52.2,1549,280
12-02-2026 16:57,0,0,0,1,0,0,0,0,1,0,0,0,0,1,0,5,0.989736,1.351821,23,37,47,26.2,51.9,1527,272
12-02-2026 16:58,0,0,0,1,0,0,0,0,1,0,0,0,0,1,0,5,1.767105,4.918421,23,37,47,26.4,51.5,1472,260
12-02-2026 16:59,0,0,0,1,0,0,0,0,1,0,0,0,0,1,0,6,2.436542,10.245616,23,37,47,26.5,51.2,1413,240
12-02-2026 17:00,0,0,0,1,0,0,0,0,1,0,0,0,0,1,0,5,1.542536,3.491996,23,37,48,26.6,50.9,1387,229
12-02-2026 17:01,0,0,0,1,0,0,0,0,1,0,0,0,0,1,0,4,1.010904,9.117916,23,37,48,26.7,51,1360,208
12-02-2026 17:02,0,0,0,1,0,0,0,0,1,0,0,0,0,1,0,0,0,0,23,36,47,26.8,50.9,1326,195
12-02-2026 17:03,0,0,0,1,0,0,0,0,1,0,0,0,0,1,0,0,0,0,23,36,47,26.8,50.8,1361,193
12-02-2026 17:04,0,0,0,1,0,0,0,0,1,0,0,0,0,1,0,0,0,0,23,37,47,27,50.7,1329,182
12-02-2026 17:05,0,0,0,1,0,0,0,0,1,0,0,0,0,1,0,0,0,0,24,38,48,27.1,50.5,1343,177
12-02-2026 17:06,0,0,0,1,0,0,0,0,1,0,0,0,0,1,0,0,0,0,24,38,49,27.2,50.4,1351,168
12-02-2026 17:07,0,0,0,1,0,0,0,0,1,0,0,0,0,1,0,0,0,0,24,38,48,27.3,50.3,1307,162
12-02-2026 17:08,0,0,0,1,0,0,0,0,1,0,0,0,0,1,0,0,0,0,24,38,48,27.3,50.3,1328,153
12-02-2026 17:09,0,0,0,1,0,0,0,0,1,0,0,0,0,1,0,0,0,0,24,38,48,27.3,50.1,1330,148
12-02-2026 17:10,0,0,0,1,0,0,0,0,1,0,0,0,0,1,0,0,0,0,24,38,49,27.4,49.8,1290,141
12-02-2026 17:11,0,0,0,1,0,0,0,0,1,0,0,0,0,1,0,0,0,0,24,38,49,27.5,49.5,1294,134
12-02-2026 17:12,0,0,0,1,0,0,0,0,1,0,0,0,0,1,0,1,0.888719,9.661271,24,38,48,27.6,49.3,1298,127
12-02-2026 17:13,0,0,0,1,0,0,0,0,1,0,0,0,0,1,0,0,0,0,24,38,49,27.6,49.2,1285,124
12-02-2026 17:14,0,0,0,1,0,0,0,0,1,0,0,0,0,1,0,0,0,0,24,37,48,27.6,49.1,1308,121
12-02-2026 17:15,0,0,0,1,0,0,0,0,1,0,0,0,0,1,0,0,0,0,24,38,48,27.6,48.9,1308,120
12-02-2026 17:16,0,0,0,1,0,0,0,0,1,0,0,0,0,1,0,1,0.996031,6.368857,24,38,48,27.7,48.8,1309,112
12-02-2026 17:17,0,0,0,1,0,0,0,0,1,0,0,0,0,1,0,0,0,0,24,38,48,27.7,48.5,1321,109
12-02-2026 17:18,0,0,0,1,0,0,0,0,1,0,0,0,0,1,0,0,0,0,24,38,48,27.7,48.3,1300,105
12-02-2026 17:19,0,0,0,1,0,0,0,0,1,0,0,0,0,1,0,1,0.352794,3.062732,24,38,47,27.7,48.2,1271,100
12-02-2026 17:20,0,0,0,1,0,0,0,0,1,0,0,0,0,1,0,0,0,0,24,38,48,27.8,48,1304,101
12-02-2026 17:21,0,0,0,1,0,0,0,0,1,0,0,0,0,1,0,0,0,0,23,38,49,27.8,47.8,1288,100
12-02-2026 17:22,0,0,0,1,0,0,0,0,1,0,0,0,0,1,0,0,0,0,23,38,48,27.8,47.6,1292,98
12-02-2026 17:23,0,0,0,1,0,0,0,0,1,0,0,0,0,1,0,0,0,0,24,39,50,27.8,47.6,1315,95
12-02-2026 17:24,0,0,0,1,0,0,0,0,1,0,0,0,0,1,0,2,0.525181,2.752167,24,38,49,27.8,47.6,1297,90
12-02-2026 17:25,0,0,0,1,0,0,0,0,1,0,0,0,0,1,0,1,0.770755,5.116821,24,38,50,27.8,47.5,1303,87
12-02-2026 17:26,0,0,0,1,0,0,0,0,1,0,0,0,0,1,0,1,0.526532,5.751846,24,38,49,27.8,47.6,1311,84
12-02-2026 17:27,0,0,0,1,0,0,0,0,1,0,0,0,0,1,0,0,0,0,24,38,48,27.8,47.5,1266,85
12-02-2026 17:28,0,0,0,1,0,0,0,0,1,0,0,0,0,1,0,0,0,0,24,38,48,27.8,47.5,1277,83
12-02-2026 17:29,0,0,0,1,0,0,0,0,1,0,0,0,0,1,0,0,0,0,24,38,49,27.8,47.5,1303,80
12-02-2026 17:30,0,0,0,1,0,0,0,0,1,0,0,0,0,1,0,0,0,0,24,37,48,27.8,47.7,1328,80
12-02-2026 17:31,0,0,0,1,0,0,0,0,1,0,0,0,0,1,0,1,0.425969,1.650076,24,38,48,27.8,47.7,1267,79
12-02-2026 17:32,0,0,0,1,0,0,0,0,1,0,0,0,0,1,0,1,0.368064,1.173793,24,38,49,27.8,47.8,1245,79
12-02-2026 17:33,0,0,0,1,0,0,0,0,1,0,0,0,0,1,0,1,0.615648,3.559817,24,38,49,27.9,47.7,1258,76
12-02-2026 17:34,0,0,0,1,0,0,0,0,1,0,0,0,0,1,0,0,0,0,24,39,49,27.9,47.8,1265,74
12-02-2026 17:35,0,0,0,1,0,0,0,0,1,0,0,0,0,1,0,0,0,0,24,38,49,27.9,47.9,1275,73
12-02-2026 17:36,0,0,0,1,0,0,0,0,1,0,0,0,0,1,0,0,0,0,24,39,50,27.9,47.8,1276,75
12-02-2026 17:37,0,0,0,1,0,0,0,0,1,0,0,0,0,1,0,0,0,0,24,39,49,27.9,47.9,1271,75
12-02-2026 17:38,0,0,0,1,0,0,0,0,1,0,0,0,0,1,0,0,0,0,23,38,48,27.9,48,1260,75
12-02-2026 17:39,0,0,0,1,0,0,0,0,1,0,0,0,0,1,0,0,0,0,24,38,47,27.9,48.1,1250,74
12-02-2026 17:40,0,0,0,1,0,0,0,0,1,0,0,0,0,1,0,2,0.58251,2.314637,23,36,47,28,47.9,1232,76
12-02-2026 17:41,0,0,0,1,0,0,0,0,1,0,0,0,0,1,0,0,0,0,22,36,46,28.1,47.9,1170,78
12-02-2026 17:42,0,0,0,1,0,0,0,0,1,0,0,0,0,1,0,0,0,0,21,35,45,28.2,47.7,1184,79
12-02-2026 17:43,0,0,0,1,0,0,0,0,1,0,0,0,0,1,0,2,1.013308,8.786976,21,34,42,28.3,47.6,1215,79
12-02-2026 17:44,0,0,0,1,0,0,0,0,1,0,0,0,0,1,0,2,1.385405,12.415686,21,33,43,28.4,47.8,1185,76
12-02-2026 17:45,0,0,0,1,0,0,0,0,1,0,0,0,0,1,0,2,0.913327,5.945327,21,33,42,28.4,47.6,1137,76
12-02-2026 17:46,0,0,0,1,0,0,0,0,1,0,0,0,0,1,0,0,0,0,21,33,42,28.5,47.7,1161,76
12-02-2026 17:47,0,0,0,1,0,0,0,0,1,0,0,0,0,1,0,0,0,0,21,33,42,28.6,47.7,1108,72
12-02-2026 17:48,0,0,0,1,0,0,0,0,1,0,0,0,0,1,0,0,0,0,21,32,41,28.6,47.7,1112,71
12-02-2026 17:49,0,0,0,1,0,0,0,0,1,0,0,0,0,1,0,0,0,0,20,33,41,28.7,47.6,1092,68
12-02-2026 17:50,0,0,0,1,0,0,0,0,1,0,0,0,0,1,0,0,0,0,21,33,42,28.7,47.7,1047,67
12-02-2026 17:51,0,0,0,1,0,0,0,0,1,0,0,0,0,1,0,0,0,0,21,33,42,28.8,47.5,1039,65
12-02-2026 17:52,0,0,0,1,0,0,0,0,1,0,0,0,0,1,0,0,0,0,20,33,41,28.8,47.8,1070,66
12-02-2026 17:53,0,0,0,1,0,0,0,0,1,0,0,0,0,1,0,0,0,0,22,35,44,28.8,47.8,1044,67
12-02-2026 17:54,0,0,0,1,0,0,0,0,1,0,0,0,0,1,0,0,0,0,22,34,43,28.9,47.8,1047,65
12-02-2026 17:55,0,0,0,1,0,0,0,0,1,0,0,0,0,1,0,0,0,0,21,34,43,28.9,47.6,1077,64
12-02-2026 17:56,0,0,0,1,0,0,0,0,1,0,0,0,0,1,0,0,0,0,21,34,43,29,47.7,1054,65
12-02-2026 17:57,0,0,0,1,0,0,0,0,1,0,0,0,0,1,0,0,0,0,21,34,43,29,47.7,1036,65
12-02-2026 17:58,0,0,0,1,0,0,0,0,1,0,0,0,0,1,0,0,0,0,20,34,42,29,47.6,1065,65
12-02-2026 17:59,0,0,0,1,0,0,0,0,1,0,0,0,0,1,0,0,0,0,21,33,43,29,47.1,1073,68
12-02-2026 18:00,0,0,0,1,0,0,0,0,1,0,0,0,0,1,0,0,0,0,21,32,41,29,47.1,1078,72
12-02-2026 18:01,0,0,0,1,0,0,0,0,1,0,0,0,0,1,0,0,0,0,21,34,42,29.1,47.2,1098,71
12-02-2026 18:02,0,0,0,1,0,0,0,0,1,0,0,0,0,1,0,0,0,0,21,33,42,29.1,47.1,1109,71
12-02-2026 18:03,0,0,0,1,0,0,0,0,1,0,0,0,0,1,0,0,0,0,20,32,39,29.1,46.9,1117,73
12-02-2026 18:04,0,0,0,1,0,0,0,0,1,0,0,0,0,1,0,0,0,0,21,32,41,29.1,47.2,1127,74
12-02-2026 18:05,0,0,0,1,0,0,0,0,1,0,0,0,0,1,0,0,0,0,20,33,41,29.1,47.3,1117,73
12-02-2026 18:06,0,0,0,1,0,0,0,0,1,0,0,0,0,1,0,0,0,0,20,33,42,29.2,46.9,1066,75
12-02-2026 18:07,0,0,0,1,0,0,0,0,1,0,0,0,0,1,0,0,0,0,21,32,40,29.2,47.4,1051,74
12-02-2026 18:08,0,0,0,1,0,0,0,0,1,0,0,0,0,1,0,0,0,0,21,34,42,29.2,47.6,1048,70
12-02-2026 18:09,0,0,0,1,0,0,0,0,1,0,0,0,0,1,0,0,0,0,21,34,41,29.2,47.5,1034,68
12-02-2026 18:10,0,0,0,1,0,0,0,0,1,0,0,0,0,1,0,0,0,0,21,34,42,29.2,47.6,1029,71
12-02-2026 18:11,0,0,0,1,0,0,0,0,1,0,0,0,0,1,0,0,0,0,21,34,41,29.2,47.5,1014,69
12-02-2026 18:12,0,0,0,1,0,0,0,0,1,0,0,0,0,1,0,0,0,0,21,33,41,29.2,47.4,1060,69
12-02-2026 18:13,0,0,0,1,0,0,0,0,1,0,0,0,0,1,0,0,0,0,21,34,42,29.2,47.1,1057,74
12-02-2026 18:14,0,0,0,1,0,0,0,0,1,0,0,0,0,1,0,0,0,0,21,34,41,29.2,47.2,1022,74
12-02-2026 18:15,0,0,0,1,0,0,0,0,1,0,0,0,0,1,0,0,0,0,21,33,41,29.2,47,1034,75
12-02-2026 18:16,0,0,0,1,0,0,0,0,1,0,0,0,0,1,0,0,0,0,21,33,41,29.3,46.9,1081,76
12-02-2026 18:17,0,0,0,1,0,0,0,0,1,0,0,0,0,1,0,0,0,0,21,33,42,29.3,47.1,1108,78
12-02-2026 18:18,0,0,0,1,0,0,0,0,1,0,0,0,0,1,0,0,0,0,21,33,41,29.3,47.3,1025,78
12-02-2026 18:19,0,0,0,1,0,0,0,0,1,0,0,0,0,1,0,0,0,0,22,34,42,29.3,47.3,1012,74
12-02-2026 18:20,0,0,0,1,0,0,0,0,1,0,0,0,0,1,0,0,0,0,21,33,41,29.3,47,1030,77
12-02-2026 18:21,0,0,0,1,0,0,0,0,1,0,0,0,0,1,0,0,0,0,21,33,42,29.3,47.1,1056,76
12-02-2026 18:22,0,0,0,1,0,0,0,0,1,0,0,0,0,1,0,0,0,0,21,34,42,29.3,47,1050,77
12-02-2026 18:23,0,0,0,1,0,0,0,0,1,0,0,0,0,1,0,0,0,0,21,34,42,29.3,47.3,1021,78
12-02-2026 18:24,0,0,0,1,0,0,0,0,1,0,0,0,0,1,0,0,0,0,20,33,41,29.3,47.4,1030,78
12-02-2026 18:25,0,0,0,1,0,0,0,0,1,0,0,0,0,1,0,0,0,0,21,33,41,29.3,47.7,1008,75
12-02-2026 18:26,0,0,0,1,0,0,0,0,1,0,0,0,0,1,0,0,0,0,21,34,42,29.3,47.9,977,74
12-02-2026 18:27,0,0,0,1,0,0,0,0,1,0,0,0,0,1,0,0,0,0,21,33,42,29.3,47.9,979,73
12-02-2026 18:28,0,0,0,1,0,0,0,0,1,0,0,0,0,1,0,0,0,0,21,34,42,29.3,47.5,1012,72
12-02-2026 18:29,0,0,0,1,0,0,0,0,1,0,0,0,0,1,0,0,0,0,21,33,42,29.3,47.7,1000,73
12-02-2026 18:30,0,0,0,1,0,0,0,0,1,0,0,0,0,1,0,0,0,0,20,33,42,29.3,47.9,994,73
12-02-2026 18:31,0,0,0,1,0,0,0,0,1,0,0,0,0,1,0,0,0,0,20,35,43,29.3,47.8,930,74
12-02-2026 18:32,0,0,0,1,0,0,0,0,1,0,0,0,0,1,0,0,0,0,22,34,43,29.3,47.8,944,75
12-02-2026 18:33,0,0,0,1,0,0,0,0,1,0,0,0,0,1,0,0,0,0,22,35,43,29.3,47.8,1035,74
12-02-2026 18:34,0,0,0,1,0,0,0,0,1,0,0,0,0,1,0,0,0,0,21,34,42,29.4,47.8,943,72
12-02-2026 18:35,0,0,0,1,0,0,0,0,1,0,0,0,0,1,0,0,0,0,21,34,42,29.4,47.8,993,73
12-02-2026 18:36,0,0,0,1,0,0,0,0,1,0,0,0,0,1,0,0,0,0,21,35,44,29.4,48.2,1018,73
12-02-2026 18:37,0,0,0,1,0,0,0,0,1,0,0,0,0,1,0,0,0,0,22,35,44,29.4,48,1009,71
12-02-2026 18:38,0,0,0,1,0,0,0,0,1,0,0,0,0,1,0,0,0,0,22,35,42,29.4,48.3,937,69
12-02-2026 18:39,0,0,0,1,0,0,0,0,1,0,0,0,0,1,0,0,0,0,22,35,43,29.4,48.5,970,68
12-02-2026 18:40,0,0,0,1,0,0,0,0,1,0,0,0,0,1,0,0,0,0,22,35,44,29.4,48.3,926,68
12-02-2026 18:41,0,0,0,1,0,0,0,0,1,0,0,0,0,1,0,0,0,0,22,34,43,29.4,47.9,952,72
12-02-2026 18:42,0,0,0,1,0,0,0,0,1,0,0,0,0,1,0,0,0,0,22,35,43,29.4,47.9,971,72
12-02-2026 18:43,0,0,0,1,0,0,0,0,1,0,0,0,0,1,0,0,0,0,22,35,44,29.4,48,967,73
12-02-2026 18:44,0,0,0,1,0,0,0,0,1,0,0,0,0,1,0,0,0,0,22,35,43,29.4,47.6,989,73
12-02-2026 18:45,0,0,0,1,0,0,0,0,1,0,0,0,0,1,0,0,0,0,21,34,43,29.4,47.6,961,77
12-02-2026 18:46,0,0,0,1,0,0,0,0,1,0,0,0,0,1,0,0,0,0,22,33,42,29.4,47.4,1019,82
12-02-2026 18:47,0,0,0,1,0,0,0,0,1,0,0,0,0,1,0,0,0,0,21,33,42,29.4,47.3,1062,83
12-02-2026 18:48,0,0,0,1,0,0,0,0,1,0,0,0,0,1,0,0,0,0,21,34,42,29.4,47.3,1063,87
12-02-2026 18:49,0,0,0,1,0,0,0,0,1,0,0,0,0,1,0,0,0,0,21,33,42,29.4,47.2,1078,88
12-02-2026 18:50,0,0,0,1,0,0,0,0,1,0,0,0,0,1,0,0,0,0,21,34,42,29.4,47.2,1087,88
12-02-2026 18:51,0,0,0,1,0,0,0,0,1,0,0,0,0,1,0,0,0,0,21,33,41,29.4,47.1,1144,89
12-02-2026 18:52,0,0,0,1,0,0,0,0,1,0,0,0,0,1,0,0,0,0,21,33,42,29.4,47.2,1057,92
12-02-2026 18:53,0,0,0,1,0,0,0,0,1,0,0,0,0,1,0,0,0,0,20,33,40,29.4,47.2,1048,90
12-02-2026 18:54,0,0,0,1,0,0,0,0,1,0,0,0,0,1,0,0,0,0,20,32,40,29.4,47.2,1040,90
12-02-2026 18:55,0,0,0,1,0,0,0,0,1,0,0,0,0,1,0,0,0,0,21,33,41,29.4,47.2,1069,91
12-02-2026 18:56,0,0,0,1,0,0,0,0,1,0,0,0,0,1,0,0,0,0,21,34,41,29.4,47.2,1073,91
12-02-2026 18:57,0,0,0,1,0,0,0,0,1,0,0,0,0,1,0,0,0,0,21,33,41,29.4,47.1,1078,92
12-02-2026 18:58,0,0,0,1,0,0,0,0,1,0,0,0,0,1,0,0,0,0,20,32,40,29.4,47.1,1091,92
12-02-2026 19:00,0,0,0,1,0,0,0,0,1,0,0,0,0,1,0,0,0,0,20,32,40,29.4,47,1145,93
12-02-2026 19:01,0,0,0,1,0,0,0,0,1,0,0,0,0,1,0,0,0,0,21,32,40,29.4,47,1120,97
12-02-2026 19:02,0,0,0,1,0,0,0,0,1,0,0,0,0,1,0,0,0,0,20,31,41,29.4,47,1153,95
12-02-2026 19:03,0,0,0,1,0,0,0,0,1,0,0,0,0,1,0,0,0,0,20,33,41,29.4,47,1094,94
12-02-2026 19:04,0,0,0,1,0,0,0,0,1,0,0,0,0,1,0,0,0,0,20,32,40,29.4,47,1118,95
12-02-2026 19:05,0,0,0,1,0,0,0,0,1,0,0,0,0,1,0,2,0.601181,5.543166,20,32,39,29.4,47,1105,95
12-02-2026 19:06,0,0,0,1,0,0,0,0,1,0,0,0,0,1,0,0,0,0,20,32,40,29.4,47,1114,93
12-02-2026 19:07,0,0,0,1,0,0,0,0,1,0,0,0,0,1,0,0,0,0,20,32,42,29.4,46.9,1122,94
12-02-2026 19:08,0,0,0,1,0,0,0,0,1,0,0,0,0,1,0,0,0,0,20,33,41,29.4,47,1114,92
12-02-2026 19:09,0,0,0,1,0,0,0,0,1,0,0,0,0,1,0,0,0,0,21,33,42,29.4,47,1095,93
12-02-2026 19:10,0,0,0,1,0,0,0,0,1,0,0,0,0,1,0,0,0,0,20,32,40,29.4,46.9,1091,94
12-02-2026 19:11,0,0,0,1,0,0,0,0,1,0,0,0,0,1,0,0,0,0,20,32,40,29.4,47,1099,93
12-02-2026 19:12,0,0,0,1,0,0,0,0,1,0,0,0,0,1,0,0,0,0,21,33,41,29.5,46.9,1100,95
12-02-2026 19:13,0,0,0,1,0,0,0,0,1,0,0,0,0,1,0,0,0,0,21,32,39,29.4,47,1101,97
12-02-2026 19:14,0,0,0,1,0,0,0,0,1,0,0,0,0,1,0,0,0,0,21,32,39,29.4,47,1120,96
12-02-2026 19:15,0,0,0,1,0,0,0,0,1,0,0,0,0,1,0,0,0,0,20,32,40,29.4,47,1102,97
12-02-2026 19:16,0,0,0,1,0,0,0,0,1,0,0,0,0,1,0,0,0,0,21,33,41,29.4,47,1092,96
12-02-2026 19:17,0,0,0,1,0,0,0,0,1,0,0,0,0,1,0,0,0,0,20,32,40,29.4,47.1,1045,99
12-02-2026 19:18,0,0,0,1,0,0,0,0,1,0,0,0,0,1,0,0,0,0,20,32,40,29.4,47,1093,98
12-02-2026 19:19,0,0,0,1,0,0,0,0,1,0,0,0,0,1,0,0,0,0,20,32,39,29.4,47,1080,97
12-02-2026 19:20,0,0,0,1,0,0,0,0,1,0,0,0,0,1,0,0,0,0,20,32,39,29.4,47,1064,98
12-02-2026 19:21,0,0,0,1,0,0,0,0,1,0,0,0,0,1,0,0,0,0,19,31,38,29.4,47.1,1110,100
12-02-2026 19:22,0,0,0,1,0,0,0,0,1,0,0,0,0,1,0,0,0,0,20,32,38,29.4,47.1,1112,104
12-02-2026 19:23,0,0,0,1,0,0,0,0,1,0,0,0,0,1,0,0,0,0,20,32,40,29.4,47,1086,104
12-02-2026 19:24,0,0,0,1,0,0,0,0,1,0,0,0,0,1,0,0,0,0,19,32,40,29.4,47,1055,105
12-02-2026 19:25,0,0,0,1,0,0,0,0,1,0,0,0,0,1,0,0,0,0,20,33,40,29.4,47.2,1091,109
12-02-2026 19:26,0,0,0,1,0,0,0,0,1,0,0,0,0,1,0,0,0,0,20,31,39,29.4,47.1,1091,108
12-02-2026 19:27,0,0,0,1,0,0,0,0,1,0,0,0,0,1,0,0,0,0,20,32,39,29.4,47.2,1096,106
12-02-2026 19:28,0,0,0,1,0,0,0,0,1,0,0,0,0,1,0,0,0,0,20,32,39,29.4,47.1,1065,108
12-02-2026 19:29,0,0,0,1,0,0,0,0,1,0,0,0,0,1,0,0,0,0,20,31,39,29.4,47.1,1068,106
12-02-2026 19:30,0,0,0,1,0,0,0,0,1,0,0,0,0,1,0,0,0,0,19,31,39,29.4,47.1,1092,106
